category,product_code,true_score,predicted_score
Bacon,182,3.04,8.916346461682522
Bacon,257,3.217391304347826,3.723819695206676
Bacon,334,3.2717391304347827,4.805759047687725
Bacon,396,3.141304347826087,3.46106633888834
Bacon,413,1.87,6.8417449874959635
Bacon,491,3.032608695652174,5.954049414973258
Bacon,548,2.76,2.2257624886619523
Bacon,702,2.33,5.692964465301685
Bacon,859,2.152173913043478,1.20070536394128
Bacon,923,2.19,3.1674742819814283
Barista_Milk,182,3.9166666666666665,7.656478217981848
Barista_Milk,257,4.825242718446602,5.524816363525983
Barista_Milk,396,4.699029126213592,5.430150039257712
Barista_Milk,413,3.1067961165048543,1.9099076058206221
Barista_Milk,491,3.4074074074074074,0.37897010650668583
Barista_Milk,548,4.699029126213592,5.349852339004716
Barista_Milk,674,4.203703703703703,1.701908520511813
Barista_Milk,702,4.815533980582524,6.458628306729005
Barista_Milk,859,5.203703703703703,4.978800590445366
Barista_Milk,923,4.305555555555555,7.134716043450206
Bratwurst,257,3.2429906542056073,4.04278812541294
Bratwurst,334,3.5046728971962615,3.917320078544546
Bratwurst,396,3.8679245283018866,3.259958735915145
Bratwurst,413,3.121495327102804,4.707303930989427
Bratwurst,548,2.69811320754717,4.796193413386914
Bratwurst,674,3.5754716981132075,2.675782197539933
Bratwurst,702,4.254716981132075,2.887899974790078
Bratwurst,859,2.4018691588785046,6.223150482059593
Bratwurst,923,3.4646464646464645,3.318726360500965
Breaded_Chicken_Filet,285,3.4395604395604398,1.117557269143972
Breaded_Chicken_Filet,491,3.8205128205128207,1.7856082748750342
Breaded_Chicken_Filet,633,3.2967032967032965,1.8935837592458826
Breaded_Chicken_Filet,651,3.3736263736263736,1.4116590492887873
Breaded_Chicken_Filet,922,3.7032967032967035,3.822334104400439
Breakfast_Sausages,182,2.838709677419355,4.501395731297984
Breakfast_Sausages,257,2.9318181818181817,4.172613095273908
Breakfast_Sausages,334,4.011764705882353,5.21478839569312
Breakfast_Sausages,396,3.5,4.891499139990519
Breakfast_Sausages,413,4.157894736842105,4.535057827867488
Breakfast_Sausages,491,3.5930232558139537,4.398122233432363
Breakfast_Sausages,548,3.5656565656565657,4.9072434239224325
Breakfast_Sausages,702,3.778947368421053,4.089922780071044
Breakfast_Sausages,859,3.5473684210526315,5.314770402575258
Breakfast_Sausages,923,3.090909090909091,3.4314224318122766
Burgers,164,4.204545454545454,4.217771265516388
Burgers,192,2.5568181818181817,2.480964814257305
Burgers,206,4.017699115044247,6.057045379109355
Burgers,285,4.011363636363637,4.184748546300268
Burgers,396,3.0113636363636362,4.828030092703222
Burgers,426,2.409090909090909,6.115551762811236
Burgers,633,3.3451327433628317,4.839574559819348
Burgers,651,3.814159292035398,5.234685259154391
Burgers,798,3.734513274336283,3.841673683917257
Burgers,922,4.256637168141593,4.288838453184905
Butter,182,3.8514851485148514,4.1914912313651325
Butter,257,5.421568627450981,4.589212674859504
Butter,334,3.676470588235294,4.591905651167015
Butter,396,4.821782178217822,4.355117966925442
Butter,413,4.871287128712871,5.16980443355707
Butter,491,4.764705882352941,7.625940412052037
Butter,548,3.9207920792079207,6.023102556543681
Butter,674,5.411764705882353,6.868219445706991
Butter,702,4.673267326732673,5.073440636644998
Butter,923,4.303921568627451,2.5126649045582354
Cheddar_Cheese,182,4.759615384615385,3.145196014647983
Cheddar_Cheese,257,5.155339805825243,4.756706204399708
Cheddar_Cheese,334,5.165048543689321,2.512977405510224
Cheddar_Cheese,396,4.461538461538462,4.259383709247567
Cheddar_Cheese,413,4.330097087378641,2.565206316269124
Cheddar_Cheese,491,5.213592233009709,4.47483730074183
Cheddar_Cheese,702,3.894230769230769,4.144477765185943
Cheddar_Cheese,923,5.155339805825243,4.671066262834446
Chicken_Strips,182,3.0816326530612246,3.1195000992446795
Chicken_Strips,257,3.098901098901099,4.772173573079186
Chicken_Strips,334,2.4505494505494507,2.78693044941285
Chicken_Strips,396,3.3846153846153846,7.615650378267037
Chicken_Strips,413,3.020408163265306,3.6748253518648992
Chicken_Strips,491,2.901098901098901,2.776457553770425
Chicken_Strips,548,3.2551020408163267,5.764276063809589
Chicken_Strips,702,3.2755102040816326,3.7634051613008563
Chicken_Strips,859,3.1122448979591835,5.002940069174165
Chicken_Strips,923,3.8351648351648353,4.706724973288598
Cream_Cheese,182,2.485148514851485,0.3638304967809542
Cream_Cheese,257,3.34,3.990919754499041
Cream_Cheese,396,3.881188118811881,3.792683737165611
Cream_Cheese,413,5.11,8.062323198906832
Cream_Cheese,491,4.52,4.2680451230401095
Cream_Cheese,548,3.5247524752475248,2.808857858742523
Cream_Cheese,674,2.89,3.241911516198662
Cream_Cheese,702,4.801980198019802,6.155357168933773
Cream_Cheese,859,4.8316831683168315,8.356259003893554
Cream_Cheese,923,4.84,5.8896476129852156
Creamer,182,2.725663716814159,1.326395392818596
Creamer,257,3.4791666666666665,1.6811242896735492
Creamer,334,4.833333333333333,4.463770849474643
Creamer,396,5.106194690265487,5.155310147182066
Creamer,413,5.0625,3.3129203236948803
Creamer,491,5.229166666666667,3.8181048123583534
Creamer,702,3.0530973451327434,3.10624625936216
Creamer,859,4.20353982300885,6.88355170681157
Creamer,923,4.9375,6.210846999076567
Deli_Ham,182,2.742857142857143,1.475788723706422
Deli_Ham,257,3.489795918367347,4.620535106838317
Deli_Ham,396,3.2653061224489797,4.7860582804891045
Deli_Ham,413,3.123809523809524,7.268221585148363
Deli_Ham,491,3.9489795918367347,2.95344844498541
Deli_Ham,548,3.3523809523809525,5.190686944078376
Deli_Ham,702,3.2653061224489797,2.943805501977251
Deli_Ham,859,3.8380952380952382,5.227092678595567
Deli_Ham,923,4.6761904761904765,0.7171111336746727
Deli_Turkey,182,2.5784313725490198,2.9722913817627665
Deli_Turkey,396,2.722772277227723,3.203803179283756
Deli_Turkey,491,4.254901960784314,2.3178216153603666
Deli_Turkey,548,4.0,2.2367872558336375
Deli_Turkey,674,3.8137254901960786,5.915464484806293
Deli_Turkey,702,3.3366336633663365,1.690534937777908
Deli_Turkey,859,3.4356435643564356,1.5720169233057395
Hot_Dogs,164,4.488636363636363,3.9614598082353534
Hot_Dogs,192,3.409090909090909,4.504299616883744
Hot_Dogs,206,2.1931818181818183,3.943533941888189
Hot_Dogs,285,2.877551020408163,3.943533941888189
Hot_Dogs,396,3.010204081632653,3.8286502832817355
Hot_Dogs,426,2.909090909090909,5.357016387681282
Hot_Dogs,633,3.63265306122449,6.574735519061341
Hot_Dogs,651,2.923076923076923,5.498070253948832
Hot_Dogs,798,3.5454545454545454,5.010250136344725
Hot_Dogs,922,3.642857142857143,0.5582183993911657
Ice_Cream_Hard_Serve,182,3.8645833333333335,3.7389898670526787
Ice_Cream_Hard_Serve,257,4.133928571428571,6.832500018442567
Ice_Cream_Hard_Serve,334,4.125,7.5965352183506525
Ice_Cream_Hard_Serve,396,4.537634408602151,1.6794705077529535
Ice_Cream_Hard_Serve,491,5.184466019417476,6.144932969500019
Ice_Cream_Hard_Serve,548,4.951807228915663,6.762532517004974
Ice_Cream_Hard_Serve,674,4.410714285714286,6.358741732061223
Ice_Cream_Hard_Serve,702,2.4731182795698925,3.3573791526452177
Ice_Cream_Hard_Serve,859,4.670103092783505,4.355530521687981
Ice_Cream_Hard_Serve,923,4.455357142857143,4.297718071184479
Meatballs,257,3.8383838383838382,1.255995460910003
Meatballs,334,2.919191919191919,2.393771191129689
Meatballs,413,2.727272727272727,3.7938252337158813
Meatballs,491,3.5656565656565657,1.259205323226904
Meatballs,859,5.070707070707071,1.3359964460132112
Milk,164,4.1568627450980395,7.10917325790828
Milk,206,3.872549019607843,7.614374470969118
Milk,257,3.481818181818182,7.315140800385886
Milk,306,2.5090909090909093,8.153293778811037
Milk,334,2.6372549019607843,2.5958657333310478
Milk,396,3.3461538461538463,12.11202916159516
Milk,413,4.1,15.175899181672582
Milk,426,3.7745098039215685,14.458214130405313
Milk,491,3.2058823529411766,9.84831930318605
Milk,633,3.823529411764706,0.1787325918498665
Milk,651,2.9326923076923075,7.878866733188447
Milk,674,4.362745098039215,13.449435963957006
Milk,702,3.3727272727272726,3.7033740976857836
Milk,798,3.0384615384615383,8.819576265655927
Milk,801,2.8627450980392157,4.755965667783374
Milk,859,4.401960784313726,13.694359298631966
Milk,909,2.156862745098039,1.089224221731254
Milk,923,3.3846153846153846,8.438656213270567
Mozzarella,182,3.392156862745098,2.662614327489371
Mozzarella,334,3.5392156862745097,4.858217693120549
Mozzarella,396,3.7941176470588234,3.0405793217559127
Mozzarella,413,4.640350877192983,5.4986903267544
Mozzarella,491,3.8157894736842106,2.686380109162622
Mozzarella,674,3.9901960784313726,2.892596347679432
Mozzarella,702,2.8859649122807016,3.007405421409982
Mozzarella,923,3.56140350877193,3.586553579566266
Nuggets,164,3.65,7.636249555133467
Nuggets,192,3.694736842105263,7.941184783106589
Nuggets,206,4.853932584269663,4.668857066534394
Nuggets,285,3.30188679245283,5.732018895745507
Nuggets,396,4.650943396226415,3.3757850441895267
Nuggets,426,4.392857142857143,3.0793911243329544
Nuggets,633,3.7419354838709675,2.554784982275176
Nuggets,651,3.082474226804124,3.4595159038145
Nuggets,798,3.842696629213483,1.829464237258624
Nuggets,922,3.292452830188679,4.266466614113899
Pulled_Pork,206,3.4455445544554455,2.8458841429182424
Pulled_Pork,285,2.9805825242718447,4.324452827736469
Pulled_Pork,633,3.174757281553398,3.751194343344979
Pulled_Pork,651,4.346534653465347,1.371129351921057
Pulled_Pork,798,4.223300970873787,1.8370269668121442e-06
Pulled_Pork,801,3.349514563106796,2.720096172823851
Pulled_Pork,922,2.9306930693069306,1.8342229933015557
Sour_Cream,257,3.2884615384615383,0.7188060145692085
Sour_Cream,334,4.201923076923077,2.7350788775226222
Sour_Cream,413,4.221153846153846,1.6538584028851537
Sour_Cream,491,5.125,2.617903864518255
Sour_Cream,674,3.9038461538461537,1.6906234246399257
Steak,182,2.97,4.532706852523413
Steak,334,1.94,3.6828817163330907
Steak,396,2.4946236559139785,5.732794608828419
Steak,413,3.526315789473684,2.668907712762671
Steak,491,3.0105263157894737,3.361723328931336
Steak,548,1.894736842105263,4.844633148749283
Steak,674,2.778947368421053,4.308661238409474
Steak,859,2.9791666666666665,2.6115171463382696
Steak,923,3.557894736842105,4.686417081304423
Unbreaded_Chicken_Breast,182,2.766990291262136,3.75404480945961
Unbreaded_Chicken_Breast,257,4.180851063829787,4.0220356085567435
Unbreaded_Chicken_Breast,334,3.6382978723404253,3.825191482931255
Unbreaded_Chicken_Breast,396,2.8297872340425534,3.4735547177365746
Unbreaded_Chicken_Breast,413,3.9902912621359223,3.5507846668107272
Unbreaded_Chicken_Breast,548,3.3106796116504853,4.85855066115113
Unbreaded_Chicken_Breast,674,3.117021276595745,4.332614135775023
Unbreaded_Chicken_Breast,702,3.6310679611650487,4.858693081612508
Unbreaded_Chicken_Breast,859,3.737864077669903,7.8994640252794746
Unbreaded_Chicken_Breast,923,3.8404255319148937,5.1692822000851715
Yogurt,182,3.123809523809524,2.251080360303515
Yogurt,257,4.333333333333333,1.7266865024645814
Yogurt,397,4.238095238095238,1.876022445519037
Yogurt,491,3.54,3.4254124617550588
Yogurt,548,3.2666666666666666,1.6628511047750207
Yogurt,702,3.69,4.239199042581101
